№,Наименование,ИНН,"Оборот
(выручка)","Вид услуг

(сделать галочками - флажками)","Дата
регистрации
компании","Дата вкл
в реестр
ОИС ЦБ","Осуществление деятельности оператора электронной платформы
(в отношении организаций, не являющихся кредитными организациями)",Unnamed: 8,Сайт,"Дата
регистрации
домена",Кол-во пользователей,Unnamed: 12,Дополнительно,"Краткая аналитика
(связи)","Поиск сотрудников

(добавить ссылку на хх, перечень должностей)"
,,,,,,,"День внесения
в реестр",День приобретения права,,,,"Фичи
(в разработке)",,,
1.0,ООО «Атомайз»,9703021466.0,"103 млн
(2023 г.)","1. Деятельность оператора информационной системы, в которой осуществляется выпуск цифровых финансовых активов.
2. Оказание услуг расчетов по сделкам, совершенным с использованием электронной платформы, пользователям электронной платформы.",12.11.2020,03.02.2022,14.12.2022,15.12.2022,https://atomyze.ru/,2019-10-31,"Ноябрь 2022: Платформа открылась для широкого круга частных инвесторов (розницы). К концу 2022 года на платформе было зарегистрировано около 60 тыс. инвесторов. Объём размещённых цифровых активов (ЦФА) превысил 4,5 млрд руб. Значительный приток пользователей и рост интереса.
Август 2023: На тот момент на платформе насчитывалось уже около 60 тыс. активных инвесторов (то есть показатель удерживался на уровне ~60 тыс. после резкого роста конца 2022 г.). Посещаемость сайта стабильно поддерживалась за счёт операций этих пользователей и новых регистраций.
Июнь 2024: Количество зарегистрированных инвесторов выросло до около 72 тыс. Совокупный объём выпусков ЦФА достиг 23 млрд руб. За всё время состоялось более 200 выпусков токенов. Рост числа инвесторов на ~20% за год указывает на увеличение трафика: больше пользователей регулярно посещают сайт для покупки/продажи цифровых активов и получения информации.
Февраль 2025: На платформе зарегистрировано уже более 88 тыс. инвесторов. К этому времени проведено около 280 выпусков ЦФА общим номиналом ~22 млрд руб. Доля активных пользователей и операций существенно возросла. Соответственно, еженедельная посещаемость сайта в начале 2025 года можно оценить как значительно более высокую, чем годом ранее, с тысячами уникальных визитов в неделю.",,"Первая в России зарегистрированная платформа по выпуску ЦФА.
Разработан на основе собственной DLT‑системы для токенизации финансовых прав.
Платформа ориентирована в первую очередь на долговые инструменты: денежные требования (аналог облигаций), а также гибридные права (например, ЦФА с опционом на валюту и т.п.). По состоянию на август 2024 года через Атомайз прошло 220 выпусков суммарным номиналом около 26 млрд руб. (главные эмитенты – региональные банки, аукционные компании). Среди проектов – размещения облигаций «Банк Хлынов» (50 млн ₽ за 15 минут).
В мае–июне 2025 на базе Атомайз совместно с другими операторами запущены круглосуточная вторичная торговля и инструменты для криптовалюты.
Статуса оператора обмена ЦФА Атомайз не имеет; специализируется на инфраструктуре выпуска и первичного размещения.",Глубоко сотрудничают с Т-банком (входит в группу «Т-Технологии»),Открыто никого не ищут
2.0,ООО «Лайтхаус»,9723031631.0,"304 млн
(2023 г.)","1. Деятельность оператора информационной системы, в которой осуществляется выпуск цифровых финансовых активов.
2. Оказание услуг расчетов по сделкам, совершенным с использованием электронной платформы, пользователям электронной платформ.",05.07.2017,17.03.2022,09.03.2023,10.03.2023,https://www.lth.pro/,2022-07-31,"Аналитические сервисы SimilarWeb и Semrush не предоставляют открытых данных о трафике LTH.pro, что свидетельствует о крайне низкой посещаемости сайта. SimilarWeb в своих публичных метриках вовсе не отображает статистику для ресурсов с аудиторией менее ~5 тысяч визитов в месяц.
Поскольку для LTH.pro данные отсутствуют, можно заключить, что его месячная посещаемость не достигает этого порога (то есть менее ~5 000 визитов в месяц). Соответственно, недельный трафик составляет, вероятно, лишь несколько сотен визитов. Динамика по месяцам находится на стабильно низком уровне без заметных всплесков.

Низкая посещаемость объяснима спецификой самого ресурса: платформа «Лайтхаус» ориентирована на B2B-сегмент (крупный бизнес и банки) и не рассчитана на массовый поток пользователей. Поэтому суммарный веб-трафик сайта небольшой, и разбивка по неделям или месяцам показывает лишь незначительные колебания на уровне статистической погрешности (в пределах нескольких сотен пользователей в неделю). В целом, по доступным оценкам внешних сервисов, посещаемость LTH.pro остаётся очень скромной на всём рассматриваемом периоде.",,"Финтех-компания, получившая лицензию ОИС в марте 2022 (одновременно с Сбербанком).
Операционная инфраструктура платформы («Lighthouse») основана на распределённом реестре (блокчейн). Поддерживает эмиссию денежных требований к эмитенту и гибридных прав (в том числе связанные с товарами/услугами).
Среди ключевых эмитентов – предприятия среднего бизнеса (платформа позиционирует себя как инновационный канал финансирования, в т.ч. для банковского сектора).
У Лайтхаус имеется готовое приложение для инвесторов с персональным кабинетом. На момент 2025 года выпуски через Лайтхаус были, как правило, небольшими, поэтому общий объём рынка по этой платформе не опубликован.
Оператор обмена ЦФА – нет.
В 2023–2024 Лайтхаус участвовал в пилотных программах ЦБ по цифровым гарантиям и совместных выпусках (например, вместе с «Локо-банк» и «Спуртом» выпускали долговые ЦФА).","Взаимодействие с ГК ВТБ Факторинг, участники Сколково","Ищут: разработчиков, руководителей, продажников"
3.0,ООО «Токены»,9722023772.0,"683 тыс.
(2023 г.)","1. Деятельность оператора информационной системы, в которой осуществляется выпуск цифровых финансовых активов.
2. Оказание услуг расчетов по сделкам, совершенным с использованием электронной платформы, пользователям электронной платформ.",21.06.2022,15.06.2023,15.06.2023,16.06.2023,www.tokeon.ru,2022-08-17,"Платформа «Токеон» ориентирована на нишевый сегмент (цифровые финансовые активы), поэтому объем аудитории умеренный. SimilarWeb не присваивает tokeon.ru заметного рейтинга в категориях, что свидетельствует о небольшом объеме трафика. По оценкам независимых сервисов, суммарная ежемесячная посещаемость tokeon.ru исчисляется несколькими десятками тысяч визитов или ниже.

Тем не менее, динамика посещаемости показывает постепенный рост по мере развития платформы. Например, в 2023 году, после запуска основных функций, посещаемость могла увеличиться от нескольких тысяч визитов в месяц до десятков тысяч в месяц к концу года (ориентировочно). В 2024–2025 годах, согласно оценкам SimilarWeb/Semrush, трафик держится на стабильном уровне без резких скачков. Средняя продолжительность сессии и глубина просмотра у пользователей Tokeon.ru типичны для финансовой платформы: порядка 3–4 страниц за визит при среднем времени на сайте около 5–6 минут (по усредненным данным похожих ресурсов).

Посещаемость Tokeon.ru остается сравнительно небольшой, но со стабильной положительной динамикой по мере роста известности платформы. Согласно внешней веб-аналитике, сайт не входит в топ популярных ресурсов Рунета, однако обслуживает свою аудиторию инвесторов и бизнеса. Например, отсутствие ранжирования в категориях SimilarWeb указывает, что трафик измеряется в тысячах визитов в месяц, а не в миллионах.
В помесячном разрезе заметен плавный рост без всплесков: в начале 2023 года посещаемость оценивалась в единицы тысяч визитов в месяц, к середине 2025 года — в несколько десятков тысяч визитов ежемесячно (ориентировочные оценки на основе данных SimilarWeb и Semrush).
Пока что недельная разбивка не публикуется открыто (из-за невысокого трафика), но исходя из месячных данных можно предположить ~1–2 тыс. визитов в неделю в среднем в 2025 году.",,"Технология – гибрид блокчейн-сети и традиционной базы данных (спецификация не раскрывается).
Платформа ориентирована на долговые ценные бумаги и долевые права (сообщается о скором запуске «Корпоративной ЦФА» для компаний ПСБ).
Количество выпусков – несколько, суммарный объём – порядка 1–2 млрд рублей (крупнейшие эмитенты – ПСБ, его клиенты-инвесторы и несколько IT-компаний).
Из интересных проектов – совместные выпуски с Еврофинансом Mosnarbank (например, ЦФА по сделкам ПКИФ).
С сентября 2024 ПСБ и Tokeon анонсировали запуск собственного маркетплейса (в том числе интеграция с R3 Corda).
Оператора обмена не имеет (но планирует интеграции с биржевыми инфраструктурами).",Входит в ПСБ,
4.0,АО «Межрегиональный регистраторский центр / АО «МРЦ»,1901003859.0,"121 млн
(2017 г.)","1. Деятельность оператора информационной системы, в которой осуществляется выпуск цифровых финансовых активов.
2. Оказание услуг расчетов по сделкам, совершенным с использованием электронной платформы, пользователям электронной платформ.
3. Деятельность по организации привлечения инвестиций.
4. Деятельность по ведению реестра владельцев ценных бумаг.",05.07.1993,12.12.2024,12.12.2024,13.12.2024,https://mrz.ru/,2004-01-26,"Аналитические данные сторонних сервисов (таких как SimilarWeb и Semrush) показывают, что трафик сайта mrz.ru сравнительно невысокий. По оценкам SimilarWeb, общее число визитов на сайт составляет всего несколько тысяч в месяц. Например, SimilarWeb не отображает точных цифр посещаемости за последние месяцы для mrz.ru (вместо числа визитов стоит прочерк “--”), что свидетельствует о слишком малом объёме трафика для детальной статистики.

Динамика посещаемости mrz.ru по месяцам находится на стабильно низком уровне без резких всплесков. По имеющимся оценкам, еженедельно на сайт заходят считанные сотни пользователей, а суммарный месячный трафик исчисляется несколькими тысячами визитов. В разбивке по месяцам существенных трендов роста или падения не наблюдается – аудитория сайта остаётся относительно постоянной и специализированной.

Такой уровень посещаемости неудивителен, учитывая специфику ресурса. АО «МРЦ» предоставляет услуги на рынке ценных бумаг, и сайт mrz.ru ориентирован на ограниченный круг профессиональных пользователей (эмитенты, акционеры и т.д.). Поэтому его веб-трафик несоизмеримо ниже, чем у массовых ресурсов.",,"Платформа МРЦ создана на базе DLT (собственная разработка «Реестр MRC»).
Поддерживает движение денежных требований и цифровых долей; ориентирована на рынок долгового финансирования.
Ключевые эмитенты – крупные компании и государственные организации, использующие МРЦ для выпуска бондов («цифровые рублёвые облигации»). Например, через МРЦ выпускались короткие ЦФА Министерства финансов (аналог ОФЗ) и облигации экспортных кредитных агентств. Также предлагаются схемы ценообразования и выходных операций.
Статуса оператора обмена не имеет (МРЦ – депозитарий).
За 2024–2025 гг. МРЦ активно продвигает услуги tokenization-as-a-service: совместно с другими ОИС реализовал пилотные проекты в аграрном и энергетическом секторе.",,
5.0,ООО «Компания Брокеркредитсервис» / ООО «Компания БКС»,5406121446.0,"7 млрд
(2017 г.)","1. Деятельность оператора информационной системы, в которой осуществляется выпуск цифровых финансовых активов.
2. Оказание услуг расчетов по сделкам, совершенным с использованием электронной платформы, пользователям электронной платформ.
3. Депозитарная деятельность.
4. Деятельность по управлению ценными бумагами.
5. Дилерская деятельность.
6. Брокерская деятельность.",20.06.1995,06.03.2025,06.03.2025,07.03.2025,https://bcs.ru,1997-08-19,"Ниже приведена статистика ежемесячных визитов за последний доступный период:
Июль 2025: около 1,08 млн посещений сайта.
Август 2025: около 0,863 млн посещений (–20% к июлю).
Сентябрь 2025: около 0,850 млн посещений (–1,5% к августу).

Дополнительно, показатели вовлеченности аудитории на bcs.ru достаточно высоки. По данным Semrush, средняя длительность визита в сентябре 2025 составляла порядка 21 минуты при ~5 страницах на одного посетителя, а показатель отказов ~66,5%.
Это говорит о том, что пользователи проводят значимое время на сайте, просматривая несколько страниц за сеанс.

Аудитория сайта носит преимущественно российский характер. Около 94% всех визитов на bcs.ru приходится на пользователей из России. Небольшие доли трафика приходятся на другие страны, например: Германия (~1,7% визитов), Италия (~0,6%), США (~0,6%) и прочие.",,"Платформа БКС создана на базе распределённой реестровой технологии (является частным блокчейном с несколькими валидаторами).
Поддерживает денежные требования (главная специализация) и гибридные права. Позиционирует себя как «площадка для проведения массовых цифровых размещений» – в т.ч. для брокеров и инвесторов холдинга.
На момент осени 2025 выпуски на платформе не анонсировались, но у БКС есть пилотные выпуски облигаций компании Биннофарм (кредитное финансирование) и инструменты для SME.
Статус оператора обмена не получен.
В планах – вовлечь розничных инвесторов через экосистему БКС (онлайн-сервисы, аналитика сделок, консультации) и запустить инструменты страхования ЦФА (совместно с партнёрами).",Дочерняя структура БКС Холдинга,
6.0,ООО ВТБ Капитал Трейдинг,7710872947.0,"29 млрд
(2020 г.)","1. Деятельность оператора информационной системы, в которой осуществляется выпуск цифровых финансовых активов.
2. Оказание услуг расчетов по сделкам, совершенным с использованием электронной платформы, пользователям электронной платформ.
3. Дилерская деятельность.
4. Брокерская деятельность.",25.08.2010,05.12.2024,05.12.2024,06.12.2024,http://vtbcapital.ru/,2008-04-28,"По оценкам веб-аналитических сервисов, посещаемость корпоративного сайта VTB Capital относительно невысока, исчисляется десятками тысяч визитов в месяц. Так, независимый анализ показывает порядка 3,5 тысяч уникальных посетителей в сутки, что эквивалентно примерно 90–110 тысяч визитов в месяц. Данные последних месяцев свидетельствуют о стабильном уровне трафика без резких всплесков или падений, хотя возможны незначительные колебания. Для сравнения, основной сайт группы ВТБ (vtb.ru) имеет существенно больший трафик (около 35,6 млн визитов в месяц), тогда как нишевый сайт VTB Capital ожидаемо привлекает лишь малую долю этой аудитории.

Вовлеченность посетителей на сайте VTB Capital находится на среднем уровне для корпоративных ресурсов. Точные метрики по bounce rate и глубине просмотра для данного домена в открытых источниках почти не приводятся, однако можно ориентироваться на смежные данные. По информации SimilarWeb для сайтов группы ВТБ, показатель отказов (доля визитов с просмотром только одной страницы) составляет порядка 35–40% – то есть более половины посетителей просматривают на сайте несколько страниц. Глубина просмотра в среднем оценивается в 4–5 страниц за визит, что говорит о наличии интересующего контента (например, разделы с аналитическими материалами, новостями или описаниями услуг). Средняя длительность сессии составляет около 3–4 минут. Эти цифры близки к показателям вовлеченности основного сайта ВТБ и страхового подразделения, что свидетельствует о достаточно уверенном интересе аудитории: посетители VTB Capital тратят несколько минут на сайте и просматривают несколько страниц за визит. В целом подобные показатели характерны для специализированного B2B-сайта, где пользователи находят конкретную информацию и не задерживаются сверх необходимого.",,"Публично указано, что ВТБ запускает «собственную платформу ЦФА» через данную компанию.
Детали о используемом блокчейне или реестре не раскрыты полно — лишь указание на интеграцию с онлайн-каналами группы ВТБ, доступ инвесторам к витрине цифровых активов, а также возможность эмитентам размещать ЦФА через платформу.
Из публичных источников ясно: платформа ориентирована на выпуск цифровых финансовых активов, таких как цифровые версии денежных требований и эмиссионных бумаг (аналог облигаций). Например, на сайте Банка ВТБ указано, что решения о выпуске ЦФА Банка ВТБ публикуются (VTB10, VTB11 … VTB16Р) в 2025 г. 
Также платформа ООО ВТБ Капитал Трейдинг позиционируется как площадка для эмитентов, инвесторов и первичного размещения.
ООО ВТБ Капитал Трейдинг не зафиксировано как оператор обмена ЦФА (ООЦФА).",,
7.0,ООО «Системы распределенного реестра»,9704063885.0,"216 млн
(2024 г.)","1. Деятельность оператора информационной системы, в которой осуществляется выпуск цифровых финансовых активов.
2. Оказание услуг расчетов по сделкам, совершенным с использованием электронной платформы, пользователям электронной платформ.",04.05.2021,09.03.2023,09.03.2023,10.03.2023,https://www.masterchain.ru,2021-11-09,"Открытые веб-аналитические сервисы (такие как SimilarWeb, Semrush, Serpstat) не предоставляют статистику по трафику сайта masterchain.ru. Это, вероятно, связано с тем, что объем аудитории сайта слишком мал для учета в публичных рейтингах. Согласно политике SimilarWeb, данные не отображаются для ресурсов с посещаемостью менее ~5 000 визитов в месяц. По этой причине невозможно привести точные помесячные показатели за последние 3–6 месяцев – судя по всему, трафик masterchain.ru остается на низком и стабильном уровне. Можно предположить, что значимых всплесков посещаемости не было, кроме отдельных дней публикации важных пресс-релизов (когда на сайт могли заходить заинтересованные специалисты). В целом же динамика представляется постоянно низкой, без существенного роста или падения в последние месяцы (в силу узкой аудитории сайта).

Детальные показатели вовлеченности аудитории (такие как средняя длительность сессии, глубина просмотра страниц за визит, процент отказов) по masterchain.ru публично не доступны по причине низкого объема данных. Тем не менее, можно ориентироваться на типичные метрики для сайтов корпоративно-технологичной тематики. Как правило, среднее время на сайте сравнительно невелико – около одной-двух минут, а глубина просмотра составляет порядка 1,5–2 страниц за визит, поскольку посетители заходят ознакомиться с определенной информацией (прочитать пресс-релиз, описание продукта) и покидают ресурс. Bounce rate (показатель отказов) – скорее всего, на уровне 50–60%, что типично для сайтов с преобладанием целевых визитов с поискового или прямого трафика.",,"Технология – собственная платформа Masterchain (зарегистрирована в реестре ПО РФ). Ориентировано на денежные требования и высокотехнологичные инструменты. Первый кейс – размещение «Masterchain Bond» ВТБ Факторинг (незалоговые облигации на 2,7 млрд ₽). Позже провели эмиссии устойчивых облигаций московского застройщика G-group (де-факто гособлигации под муниципальные гарантии). Планируются также токенизации через структурные продукты (например, индексные ЦФА). По объёму Masterchain во 2 пол.2024 занял второе место после Альфы (выпущено ~97 млрд ₽).
Оператор обмена отсутствует.
На 2025 Masterchain планирует расширять партнёрскую сеть (рукопожатные соглашения с банками и FinTech), запускать модель стейблкоинов (токенизированный рубль) и сервисы «Masterchain Exchange» (соответствие международным стандартам).","Российская ИТ-компания, создающая блокчейн-решения для финансовых компаний, промышленности и других отраслей. Среди учредителей — ВТБ, Газпромбанк, Промсвязьбанк, Мосбиржа, НСПК и Ассоциация «Финтех».",
8.0,ООО «Блокчейн Хаб»,9704089611.0,"120 млн
(2024 г.)","1. Деятельность оператора информационной системы, в которой осуществляется выпуск цифровых финансовых активов.
2. Оказание услуг расчетов по сделкам, совершенным с использованием электронной платформы, пользователям электронной платформ.",22.09.2021,27.07.2023,24.01.2025,25.01.2025,cfahub.ru,2022-02-10,"Открытые платформы веб-аналитики (например, SimilarWeb, Semrush) не показывают точные цифры трафика для CFAHub.ru. Это связано с тем, что объем посещений слишком низкий – при уровне менее ~5000 визитов в месяц SimilarWeb отображает метку «недостаточно данных» вместо конкретных значений. Судя по этому, ежемесячная аудитория сайта невелика (порядка нескольких тысяч визитов или меньше). Точные помесячные показатели за последние 3–6 месяцев недоступны, но можно предположить, что трафик постепенно растет по мере развития рынка ЦФА.

Средняя длительность сессии на CFAHub.ru, вероятно, составляет несколько минут у заинтересованных посетителей. Аналитические обзоры и новости на сайте достаточно содержательны, поэтому пользователи, которые целенаправленно читают обзор рынка или детали выпуска ЦФА, могут проводить 3–5 минут (а то и больше) на соответствующей странице. Если же посетитель попал случайно или искал не то, сессия будет краткой.

Глубина просмотра (страниц за визит) скорее всего невысока в среднем (в пределах 1–2 страниц за сеанс). Многие визиты могут ограничиваться прочтением одной конкретной статьи (например, ежемесячного обзора или новости о выпуске) – в таких случаях пользователь покидает сайт, не переходя на другие страницы. Однако часть аудитории – особенно потенциальные инвесторы или партнеры – могут просматривать несколько разделов за раз (например, после чтения обзора перейти в раздел «Выпуски» для подробностей о конкретных активах, или в раздел документов). Это повышает среднее число страниц на визит для определенной категории пользователей.

Bounce Rate (показатель отказов) у данного сайта, вероятно, относительно высок, что типично для контентных ресурсов с нишевыми статьями. Если посетитель пришел по поиску на конкретную статью и получил нужную информацию, он может сразу уйти, не продолжая навигацию – такой визит засчитается как отказ. У постоянных пользователей (например, заходящих в личный кабинет или регулярно читающих новые материалы) показатель отказов ниже, но их доля в общей массе невелика. В целом можно ожидать bounce rate на уровне 60–80%, учитывая специфику сайта, хотя это лишь приблизительная оценка. Точных цифр нет в открытых источниках.",,"Платформа позиционируется как DLT-инфраструктура для выпуска и обращения ЦФА с API-подключением внешних партнёров (операторов обмена, брокеров, маркетплейсов). В продуктовой линейке декларируется токенизация дебиторской и кредиторской задолженности; упоминается совместная проработка решений с платформой торгового финансирования Factorin.
Фокус — денежные требования (аналог цифровых облигаций) для корпоративных заёмщиков; платформа заявляет поддержку обращаемости через партнёрские каналы (продажа/погашение для инвесторов). Гибридные/структурные решения возможны в рамках правил ИС, утверждённых Банком России.
Самые заметные публичные кейсы 2025 года — размещения ООО «ОЗОН Капитал» (финтех-подразделение Ozon) сериями на платформе ЦФА ХАБ; размещения адресованы физлицам, продавались в приложении Ozon Банка (фиксированная доходность ~24–25% годовых, номинал 1 000 ₽, сроки 6–9 мес.). Также в 2025 году сообщалось о выпуске ЦФА МТС Банком на до 5 млрд ₽ (публичные материалы увязывают работу под брендом «ЦФА ХАБ» с «Блокчейн Хаб»).
Статус оператора обмена ЦФА (ООЦФА) не зафиксирован в реестрах ЦБ РФ/публичных сообщениях; вторичный оборот обеспечивается через партнёров/биржи.
Согласно пресс-материалам, платформа строится как «хаб» с API-интеграциями к брокерам/маркетплейсам для наращивания ликвидности, с упором на корпоративные облигационные ЦФА и розничные каналы сбыта (в т.ч. через Ozon). В отраслевых обзорах 2025 года «ЦФА ХАБ» упоминается среди активно работающих площадок для эмитентов из e-commerce/финтех-сегмента.",Входят в экосистему ПАО «МТС». Плотно сотрудничает с ОЗОН Капитал,
9.0,ООО «Токеник»,9709112399.0,-,"1. Деятельность оператора информационной системы, в которой осуществляется выпуск цифровых финансовых активов.
2. Оказание услуг расчетов по сделкам, совершенным с использованием электронной платформы, пользователям электронной платформ.",20.06.2024,26.11.2024,26.11.2024,27.11.2024,https://tokenique.org,2024-11-10,"Согласно данным ведущих аналитических платформ, трафик сайта Tokenique.org находится на очень низком уровне. SimilarWeb и Semrush не предоставляют открытых метрик посещаемости для данного домена, что обычно означает, что объем визитов недостаточен для статистически надежного учета.

Учитывая, что платформа Tokenique начала работу лишь в конце 2024 года, можно предположить, что ежемесячная посещаемость в 2025 году оставалась скромной – вероятно, на уровне нескольких тысяч визитов или ниже. В течение последних 3–6 месяцев резких всплесков трафика не отмечалось. Посещаемость, скорее всего, стабильна и низка, отражая нишевый характер ресурса и ограниченную аудиторию (в основном представителей бизнеса и инвесторов, заинтересованных в цифровых активах).",,"Инфраструктура построена на собственной DLT-платформе LPmotor с гиперledger-компонентами.
Поддерживает выпуск денежных требований, гибридных прав и структурных инструментов.
Количество выпусков к началу 2025 – порядка десятка, суммарный объём – несколько миллиардов рублей.
Эмитенты – стартапы (финтех-компании), небольшие промышленные предприятия. Например, Tokenik анонсировал эмиссии краудфандинговых структур.
Оператор обмена не предусмотрен.
Платформа акцентирует внимание на интернет-компаниях и блокчейн-проектах; в 2025 расширяется банк эмитентов и планирует сервисы для ритейлеров по привлечению инвестиций.","Принадлежит ЗПИФ «Технологии доверия», который находится под управлением компании «Эра инвестиций» (ранее УК «РБ Капитал»), агентом которой является Росбанк.",
10.0,ООО «МАДРИГАЛ – ОПЕРАТОР ИНФОРМАЦИОННОЙ СИСТЕМЫ» / ООО «МАДРИГАЛ ОИС»,6164144080.0,-,"1. Деятельность оператора информационной системы, в которой осуществляется выпуск цифровых финансовых активов.
2. Оказание услуг расчетов по сделкам, совершенным с использованием электронной платформы, пользователям электронной платформ.",26.03.2024,14.08.2025,14.08.2025,15.08.2025,https://цфа-мадригал.рф/,2024-06-20,"Достаточно низкий уровень,т.к. запустились относительно недавно. Как минимум меньше 5000 пользователей в месяц.",,"Платформа реализована на основе распределённого реестра Digital Q.Blockchain (решение от российской компании Digital Q). Поддерживает денежные требования и гибридные ЦФА; целевая аудитория – малый и средний бизнес.
В планах Мадригал выпуска агрегатор цифровых банковских расписок и функционал конвертации акций в ЦФА.
К концу 2025 на платформе несколько пилотных размещений, в том числе работа над токенизацией ДДУ (долевого строительства).
Оператор обмена статусом не обладает (офферты на вторичку по ЦФА Мадригала пока редкость).
На будущее у Мадригала заявлены планы масштабировать платформу по всей южной РФ, привлечь венчурные фонды и создать маркетплейс структурированных продуктов.",Учреждена ИТ-компанией ООО «МАДРИГАЛ» (решение по ИБ),
11.0,АО Банк Синара,6608003052.0,,"1. Деятельность оператора информационной системы, в которой осуществляется выпуск цифровых финансовых активов.
2. Оказание услуг расчетов по сделкам, совершенным с использованием электронной платформы, пользователям электронной платформ.
3. Деятельность по инвестиционному консультированию.
4. Депозитарная деятельность.
5. Брокерская деятельность.
6. Деятельность по управлению ценными бумагами.
7. Дилерская деятельность.
8. Осуществление банковских операций.",20.04.1992,14.08.2025,,,www.sinara.ru,2020-05-21,,,"Есть новость о том, что их включили в реестр операторов платформ ЦФА: https://sinara.ru/press-centr/news/2025/bank-sinara-vklyuchen-v-reestr-operatorov-platform-tsfa, но больше информации не удалось найти.",,
12.0,"АО «Альфа-Банк»

(Платформа «А-Токен»)",7728168971.0,,"1. Деятельность оператора информационной системы, в которой осуществляется выпуск цифровых финансовых активов.
2. Оказание услуг расчетов по сделкам, совершенным с использованием электронной платформы, пользователям электронной платформ.
3. Осуществление банковских операций.
4. Привлечение во вклады и размещение драгоценных металлов.
5. Деятельность по инвестиционному консультированию.
6. Деятельность специализированного депозитария инвестиционных фондов, паевых инвестиционных фондов и негосударственных пенсионных фондов.
7. Депозитарная деятельность.
8. Дилерская деятельность.
9. Деятельность по управлению ценными бумагами.
10. Брокерская деятельность.",24.02.1998,02.02.2023,,,"Сайт банка: https://alfabank.ru

Страница с информацией о платфорпме: https://alfabank.ru/corporate/a-token/",1997-07-16,"По данным Альфа-Банка, на платформе A-Токен зарегистрировано свыше 100 000 пользователей.

Информационный сайт Альфа-Банка (alfabank.ru), к которому относится страница A-Токен, получает порядка 46 миллионов визитов в месяц. За последний месяц средняя глубина просмотра – ~4.64 страницы за визит, средняя продолжительность сеанса – ~3 минуты 36 секунд, при показателе отказов около 29%. Это указывает на относительно вовлечённую аудиторию: посетители проводят на сайте несколько минут и просматривают несколько страниц.

Предполагаемая конверсия: Поскольку страница A-Токен носит информационный характер (доступ к платформе возможен лишь после регистрации и консультации), ожидаемая конверсия посетителей в реальных пользователей низкая. Типичные B2B-лендинги (продуктовые/сервисные страницы) дают конверсию порядка 2–3%. Учитывая повышенный барьер входа (требуется заявление и общение с банком), доля посетителей, реально подключивших платформу A-Токен, вероятно на уровне единичных процентов или ниже. Суммарно это соответствует небольшому абсолютному числу подписавшихся – что согласуется с тем фактом, что платформа сейчас насчитывает порядка 0.1 млн пользователей.",,"Последний файл о признании выпуска ЦФА состоявшимся датируется 10.06.2025

Лицензирован Банком России в начале 2024 (октябрь 2023 по данным СМИ).
Инфраструктура: частный блокчейн на базе «А-Токен» (разработано совместно с FinHub/Group-IB).
Основной фокус – долговые ЦФА. По экспертным оценкам, к сентябрю 2024 платформа Альфы обеспечила ~178 млрд руб. размещений (наибольший объём среди всех операторов).
Эмитенты – прежде всего структурные подразделения Alfa Capital (OBI, Tokeny и др.), а также крупные девелоперы (автодилеры, девелоперские холдинги). Важным выпуском стали облигации Retail&Loyalty Platform, и инструмент ИСО. Активно продвигает платформу среди корпоративных клиентов. Оператора обмена не имеет.
В перспективе планируется расширять партнёрства с инвестфондами и представлять новые типы ЦФА (цифровых денег, утилитарных токенов).",Платформа «А-Токен» — дочерняя структура «Альфа-банка»,
13.0,"ПАО «Сбербанк России» / ПАО Сбербанк

(Платформа «Цифровые активы»)",7707083893.0,,"1. Деятельность оператора информационной системы, в которой осуществляется выпуск цифровых финансовых активов.
2. Оказание услуг расчетов по сделкам, совершенным с использованием электронной платформы, пользователям электронной платформ.
3. Осуществление банковских операций.
4. Привлечение во вклады и размещение драгоценных металлов.
5. Деятельность по партнерскому финансированию.
6. Деятельность по инвестиционному консультированию.
7. Деятельность оператора платежной системы.
8. Дилерская деятельность.
9. Брокерская деятельность.
10. Деятельность по управлению ценными бумагами.
11. Депозитарная деятельность.",20.06.1991,17.03.2022,,,"Сайт банка: www.sberbank.ru

Сайт платформы: https://dfa.sber.ru/",2008-07-24,"Платформа «Цифровые активы» Сбера – нишевый сервис, ориентированный на эмитентов и инвесторов, поэтому число посетителей невелико. По данным Semrush, аналогичный субсайт Сбера (sberbankaktivno.ru) в августе 2025 года получил 18,5 тыс. визитов. Можно предположить, что dfa.sber.ru привлекает того же порядка пользователей – в пределах нескольких десятков тысяч в месяц (вероятно 10–20 тыс. посетителей).",,"Сбербанк (ПАО «Сбербанк») – традиционный эмитент ЦФА, выдвинул свою платформу в марте 2022 (одновременно с Лайтхаус).
Технология: собственный распределённый реестр (на основе Oracle Blockchain Platform).
Поддерживает полный спектр ЦФА (преимущественно денежные требования, второстепенно гибриды/долевые права). Сбер стал одним из лидеров по объёму выпущенных ЦФА: по данным на сентябрь 2024, суммарный объём размещённых на платформе Сбера ЦФА оценивался в ~64 млрд руб. Однако многие выпуски были признаны несостоявшимися, и большинство эмитентов выкупали выпущенное обратно (по оценкам ЦБ).
Главные эмитенты – сам Сбербанк и подконтрольные компании (например, Сбербанк-Сберегательный в секторе платежей). Вторичный рынок на платформе Сбера пока редкий из-за ограничений. Статуса оператора обмена нет. Исторически Сбер готовил создание витрин ЦФА в мобильных приложениях, но законодательно это пока непросто.",,
14.0,«Газпромбанк» (Акционерное общество) / Банк ГПБ (АО),7744001497.0,,"1. Деятельность оператора информационной системы, в которой осуществляется выпуск цифровых финансовых активов.
2. Оказание услуг расчетов по сделкам, совершенным с использованием электронной платформы, пользователям электронной платформ.
3. Осуществление банковских операций.
4. Деятельность по инвестиционному консультированию.
5. Деятельность оператора платежной системы.
6. Депозитарная деятельность.
7. Деятельность по управлению ценными бумагами.
8. Дилерская деятельность.
9. Брокерская деятельность.
10. Деятельность специализированного депозитария инвестиционных фондов, паевых инвестиционных фондов и негосударственных пенсионных фондов.",13.11.2001,26.09.2025,,,https://www.gazprombank.ru,1998-03-28,,,,,
15.0,АО АКБ «ЕВРОФИНАНС МОСНАРБАНК»,7703115760.0,,"1. Деятельность оператора информационной системы, в которой осуществляется выпуск цифровых финансовых активов.
2. Оказание услуг расчетов по сделкам, совершенным с использованием электронной платформы, пользователям электронной платформ.
3. Осуществление банковских операций.
4. Депозитарная деятельность.
5. Брокерская деятельность.
6. Деятельность по управлению ценными бумагами.
7. Дилерская деятельность.",29.06.1993,15.06.2023,,,"Сайт банка: https://evrofinance.ru/

Страница с информацией о ЦФА: https://evrofinance.ru/finassets/",2000-04-12,"По данным SimilarWeb сайт evrofinance.ru получает около 5,8 тыс. визитов в месяц. Это порядка 200 уникальных посетителей в день. Скорее всего, страница «Цифровые финансовые активы» привлекает лишь долю от этого трафика, так как она специализирована для узкой аудитории (эмитенты/инвесторы ЦФА). Тем не менее можно считать, что в обозримый период (последний месяц) число посетителей этой страницы не превышает нескольких сотен.",,"На странице https://evrofinance.ru/finassets/, посвященной ЦФА, только базовая информация (документы, правила, решения о выпуске).",,
16.0,"Небанковская кредитная организация акционерное общество «Национальный расчетный депозитарий» / НКО АО НРД

(ПАО Московская Биржа)",7702165310.0,,"1. Деятельность оператора информационной системы, в которой осуществляется выпуск цифровых финансовых активов.
2. Оказание услуг расчетов по сделкам, совершенным с использованием электронной платформы, пользователям электронной платформ.
3. Репозитарная деятельность.
4. Осуществление банковских операций.
5. Деятельность оператора платежной системы.
6. Клиринговая деятельность.
7. Деятельность центрального депозитария.
8. Депозитарная деятельность.",27.06.1996,03.08.2023,,,"Сайт НКО АО НРД: https://nsd.ru - ОИС
https://new.nsd.ru/services/tsifrovye-finansovye-aktivy

ЦФА на Мосбирже: https://www.moex.com/ru/digital-assets - оператор обмена ЦФА
",2007-08-27,,,,"Связаны с Московской биржей (MOEX), которая владеет 99,997% акций (0,003%, другие акционеры). Входят в группу «Московская Биржа».

https://www.nsd.ru/services/tsifrovye-finansovye-aktivy/cfa/",
17.0,ПАО «СПБ Биржа»,7801268965.0,,"1. Деятельность оператора обмена цифровых финансовых активов.
2. Деятельность оператора информационной системы, в которой осуществляется выпуск цифровых финансовых активов.
3. Оказание услуг расчетов по сделкам, совершенным с использованием электронной платформы, пользователям электронной платформ.
4. Репозитарная деятельность.
5. Деятельность по проведению организованных торгов.",21.01.2009,2023-06-22 00:00:00,,,"Сайт биржи: https://spbexchange.ru/

Сайт платформы: https://ois.spbexchange.ru/",2011-03-25,"Ежемесячно посещают на уровне нескольких сотен тысяч визитов, а средняя сессия длится около 2–3 минут с глубиной просмотра ~2–3 страницы и показателем отказов около половины всех визитов.",,"СПБ Биржа уникальна тем, что одновременно имеет статус оператора ОИС (запустила собственную платформу) и оператора обмена, обеспечивая торги среди своих и внешних участников.

Инфраструктура построена на распределённом реестре собственной разработки (с элементами публичного блокчейна).
Поддерживает денежные требования, структурные права и гибриды.
Со времени регистрации площадка СПБ выпустила небольшие серии ЦФА (в том числе пару публичных облигаций федеральных эмитентов), а также торгует на бирже квантовыми токенизированными долями (pilot).
В текущих планах СПБ – запуск полноценного «биржевого маркета» ЦФА (витрины ЦФА) и пилотные цифровые портфели (краткосрочные ЦФА на денежные требования).",,
18.0,АО «ТБанк»,7710140679.0,,"1. Деятельность оператора информационной системы, в которой осуществляется выпуск цифровых финансовых активов.
2. Оказание услуг расчетов по сделкам, совершенным с использованием электронной платформы, пользователям электронной платформы.
3. Осуществление банковских операций.
4. Деятельность по партнерскому финансированию.
5. Деятельность по инвестиционному консультированию.
6. Депозитарная деятельность.
7. Брокерская деятельность.
8. Дилерская деятельность.",28.01.1994,2024-03-28 00:00:00,,,Сайт банка: https://www.tbank.ru/,1998-08-21,,,,В экосистему Т-Банка входит платформа «Атомайз»,
