№,Параметр,Описание,"Атомайз
atomyze.ru","Лайтхаус
lth.pro","Токеон
tokeon.ru","МРЦ
mrz.ru","Мастерчейн
masterchain.ru","Блокчейн Хаб
cfahub.ru","МАДРИГАЛ ОИС
цфа-мадригал.рф","Потенциальная актуальность
для нашего сайта

(если 3 и выше)",Комментарий
Основные элементы сайта,,,,,,,,,,,
1,Главная страница,"стартовая страница сайта, на которой кратко описаны цели, преимущества и ключевые сервисы оператора ЦФА",1.0,1.0,1.0,1.0,1.0,1,1.0,7.0,
2,Логотип,"лого компании, также работает как якорная ссылка на главную страницу",1.0,1.0,1.0,1.0,1.0,1,1.0,7.0,
3,Меню (навигация),пункты меню основных разделов сайта для быстрой навигации,1.0,1.0,1.0,1.0,1.0,1,1.0,7.0,
4,Вход / Личный кабинет,"кнопка входа в систему для зарегистрированных пользователей (инвесторов, эмитентов)",1.0,,1.0,1.0,0.5,0.5,0.5,4.5,
5,Регистрация,"рядом с кнопкой ""Вход"" / ""ЛК""",1.0,,,,,,,1.0,"Есть платформы, где страница входа/регистрации еще в разработке, или нужно предварительно связаться с представителями платформы - в таких случаяз ставила 0,5"
,,"скрыта за кнопкой ""Вход"" / ""ЛК""",,,1.0,0.5,0.5,0.5,0.5,3.0,
6,Поиск,"поле для поиска информации по сайту (новости, документы, активы и т.д.)",1.0,,,1.0,1.0,,,3.0,В целом не особо важная фича
7,Мультиязычность,"возможность выбора языка интерфейса (RU/EN и др.), если оператор работает с международными инвесторами",,,,1.0,,,,1.0,"ЮА упоминал про то, что это должно быть, поэтому выделила зеленым"
О компании и доверие,,,,,,,,,,,
8,Страница о компании,"информация об организации, миссии и статусе как оператора ЦФА",1.0,1.0,1.0,1.0,1.0,0.5,0.5,6.0,"Если контента много не наберем, то лучше не делать отдельную страницу на первое время, а дать базовую информацию где-то на главной странице в формате ""Кратко о нас"" + ""Преимущества"""
9,История,"раздел с хронологией развития компании, ключевыми датами",,,,,1.0,,,1.0,
10,Команда,"представление руководства, совета директоров и ключевых специалистов",,,,,1.0,,,1.0,
11,Преимущества,"информация о том, почему эта компания самая лучшая",1.0,1.0,1.0,,1.0,,,4.0,"см. п.8 ""Страница о компании"""
12,Контакты,"адреса, телефоны, email, формы обратной связи",1.0,1.0,1.0,1.0,1.0,1,1.0,7.0,
13,Реквизиты,"юридические данные: ИНН, ОГРН, лицензии, адрес регистрации",,,1.0,1.0,1.0,,1.0,4.0,
14,Новости,лента новостей компании и отрасли ЦФА,1.0,1.0,1.0,1.0,,1,1.0,6.0,
15,Пресс-центр,"подборка пресс-релизов, публикаций и материалов для СМИ",1.0,,,,1.0,,,2.0,
16,Блог / Аналитика ,"статьи, обзоры и экспертные мнения о рынке цифровых активов",,1.0,1.0,,,,,2.0,
17,Мероприятия / Вебинары,"расписание и записи онлайн-ивентов, конференций и обучающих вебинаров",,,,,1.0,,,1.0,
18,Подкасты / Видео,"медиа-раздел с интервью, видеороликами и презентациями",,,,,,,,0.0,
19,База знаний,обучающий раздел с гайдами и справочными материалами,1.0,,1.0,,,,0.5,2.5,"Выделила зеленым, т.к. будет академия ака база знаний"
20,FAQ,частые вопросы пользователей о ЦФА и работе платформы,1.0,,1.0,1.0,,,1.0,4.0,
21,Документы,"ключевые публичные документы: устав, политика, условия использования",1.0,,1.0,1.0,1.0,1,1.0,6.0,"Обязательные, самособой разумеющиеся документы, которые должны быть на сайте"
22,Политика конфиденциальности ,информация об обработке персональных данных,1.0,1.0,1.0,1.0,,,1.0,5.0,
23,Пользовательское соглашение,правила работы пользователя с платформой,1.0,,1.0,1.0,1.0,1,1.0,6.0,
24,Cookie-соглашение,уведомление об использовании файлов cookie,1.0,1.0,1.0,,,,,3.0,
25,Уведомление о рисках,описание рисков инвестиций в ЦФА,1.0,,1.0,1.0,,,1.0,4.0,
26,Лицензии / Регулирование,"ссылки на реестр ЦБ, лицензии, разрешения",1.0,,1.0,1.0,1.0,,,4.0,
27,Раскрытие информации,публикация обязательных данных (по требованиям ЦБ),1.0,,1.0,1.0,1.0,1,1.0,6.0,
28,Решения о выпуске ЦФА,официальные документы по выпускам токенов,1.0,1.0,1.0,1.0,1.0,1,1.0,7.0,
Продукты и сервисы,,,,,,,,,,,
29,Каталог продуктов,перечень ЦФА или связанных услуг,1.0,,1.0,,,,,2.0,
30,Карточка продукта,детальная страница конкретного актива или сервиса,1.0,,1.0,,,,,2.0,
31,Тарифы / Цены,"описание комиссий, сборов или стоимости услуг",1.0,,1.0,1.0,1.0,1,0.5,5.5,Отдельный файл с тарифной сеткой/комиссией - есть почти везде
32,Калькулятор доходности / тарифа,"интерактивный инструмент для расчётов дохода, издержек и т.д.",,,,,,,,0.0,
33,Как начать,"короткая инструкция по первым шагам: регистрация, KYC, покупка ЦФА",1.0,,1.0,,,1,1.0,4.0,"Очень полезно, хорошо было бы сделать отдельный подробный пдф гайд в связке с простым блоком с базовой информацией на сайте. Типа, сначала базовая информация по шагам, а чуть ниже ссылка ""Гайд по старту на платформе НПК"""
34,Для инвестора,раздел с информацией и инструментами для инвесторов,1.0,,1.0,,1.0,1,1.0,5.0,
35,Для эмитента,"раздел с материалами для компаний, выпускающих свои активы",1.0,,1.0,1.0,1.0,1,1.0,6.0,
36,Инвесторский кабинет,персональный раздел пользователя с портфелем и отчётами,1.0,,1.0,,,1,,3.0,
37,Эмитентский кабинет,интерфейс для выпуска и управления ЦФА,1.0,,1.0,,,1,,3.0,
38,Идентификация (KYC),проверка личности и статуса пользователя,1.0,1.0,1.0,1.0,1.0,1,,6.0,
39,AML / CFT,меры против отмывания и финансирования терроризма,1.0,,,,,1,,2.0,"Не нашла каких-то конкретных подтверждений наоичия этих документов у конкурентов, но думаю было бы полезно иметь такой у нас"
Рынок и инфраструктура,,,,,,,,,,,
40,Вторичный рынок,площадка для обращения выпущенных ЦФА,1.0,,1.0,,,1,1.0,4.0,
41,Правила торгов,регламент торговых операций и расчётов,1.0,,1.0,1.0,,1,,4.0,
42,Листинг / Делистинг,процедуры допуска и исключения ЦФА с площадки,1.0,,,,,1,,2.0,
43,Клиринг,система взаиморасчётов по операциям с активами,1.0,,,,,1,,2.0,
44,Расчёты,порядок проведения расчётов и клиринговых операций,1.0,,1.0,,,1,,3.0,
45,Депозитарное хранение,хранение цифровых активов в защищённом учёте,,,,,,1,,1.0,
46,Учёт и обращение ЦФА,жизненный цикл актива от выпуска до погашения,1.0,,1.0,1.0,1.0,1,,5.0,
47,Токенизация активов,"процесс оцифровки реальных активов (товаров, долгов, долей)",1.0,,1.0,,1.0,1,1.0,5.0,
48,Типы ЦФА,"классификация по видам (долговые, товарные и т.д.)",1.0,,1.0,,,1,,3.0,
49,Партнёры / Банки,"список партнёров, брокеров и операторов инфраструктуры",1.0,1.0,1.0,,1.0,1,1.0,6.0,
50,Клиенты / Логотипы,"витрина клиентов, внедрений и кейсов",1.0,1.0,1.0,,,1,,4.0,
51,Кейсы / Проекты,примеры реализованных проектов или токенизаций,,,1.0,,1.0,1,,3.0,Пока кейсов не будет в этом нет смысла
52,Отзывы,мнения клиентов или инвесторов,,,,,,,,0.0,
53,Награды / Сертификаты,"упоминания о признаниях, стандартах и ISO",1.0,,,,1.0,,,2.0,
Регуляторика и отчётность,,,,,,,,,,,
54,Отчёты / Годовые отчёты,финансовая и нефинансовая отчётность,,,,,,,,0.0,
55,Архитектура платформы,описание технической инфраструктуры и DLT-механизмов,,,,,1.0,1,1.0,3.0,
56,API / Интеграции,возможности для подключения внешних систем,,,,,1.0,1,1.0,3.0,
57,Документация API,"спецификации, SDK, sandbox-доступ",,,,,,,,0.0,
58,Песочница (sandbox),тестовая среда для разработчиков или эмитентов,,,,,,,,0.0,
59,Стандарты / Протоколы,"поддерживаемые форматы, криптографические стандарты",,,,,1.0,1,1.0,3.0,
60,SLA / Уровень сервиса,гарантии по времени работы и поддержке,1.0,,,,,,,1.0,
61,Поддержка / Служба поддержки,контакты и инструкции по обращению,1.0,,,1.0,1.0,1,,4.0,"У многих конкурентов нет отдельной почты для поддержки. В нашем случае, думаю, было бы логично ее иметь. Пользователю так проще будет обратиться к нам в случае чего, у него не будет мслей типа ""тут только общая почта, а вдруг мое письмо затеряется в общем потоке писем?"""
62,Тикеты / обращения,система для отслеживания запросов клиентов,,,,,,,,0.0,
63,Онлайн-чат / бот,мгновенная связь с саппортом,,1.0,,,,,,1.0,
64,Обратная связь / форма,форма отправки сообщений,1.0,,1.0,1.0,1.0,1,,5.0,
65,Обратный звонок,кнопка «Заказать звонок» от менеджера,,,,,,,,0.0,
66,Подписка на новости,форма подписки на рассылку и обновления,1.0,,,,1.0,,,2.0,
67,Соцсети,"ссылки на Telegram, VK, YouTube и др.",1.0,,1.0,,,,,2.0,"Не у всех есть соцсети, но в нашем случае было бы полезно вести как минимум тг"
68,Карьера / Вакансии,"открытые вакансии, условия работы",1.0,,1.0,1.0,1.0,,,4.0,"На первое время, думаю, в этом раздедле нет необходимости. Можно разместить кратко информацию, где мы расскажем о нас, чтобы заиньтересовать потенциальных соискателей, и чтобы они сами присылали на почту свои резюме."
69,Офисы / география,"адреса офисов, карта филиалов",1.0,1.0,1.0,1.0,1.0,1,1.0,7.0,"Т.к. у нас пока один офис, то нет необходимости делать что-то через чур. Достаточно будет контактов и адреса, даже без привязки к картам"
70,Карта сайта,структурированный перечень страниц,,,,,,,,0.0,
71,Смена темы светлая/темная,возможность изменить оформление,,,,,,,,0.0,
72,Доступность,возможность изменить шрифты,,,,,,,,0.0,
Специфика ЦФА-платформ,,,,,,,,,,,
73,Индексы цифровых активов,"раздел с индексами, рассчитанными по ЦФА",,,,,,,,0.0,
74,Рыночные данные / котировки,"цены, графики, объёмы торгов",,,,,,1,,1.0,
75,История торгов,архив сделок и котировок,,,,,,,,0.0,
76,Справочник инструментов,полный список доступных ЦФА,,,,,,1,,1.0,
77,Календарь размещений,расписание будущих выпусков и итогов размещений,1.0,,,,,1,,2.0,
78,Условия выпусков / Проспект,ключевые параметры и документы выпуска,1.0,1.0,1.0,1.0,1.0,1,,6.0,
79,Методики расчёта,описание методов вычисления индексов и ставок,,,1.0,,,,,1.0,
80,Комиссии площадки,"таблица сборов, тарифов за операции",1.0,,1.0,1.0,1.0,1,0.5,5.5,
81,Стать участником торгов,инструкция для профучастников,1.0,,1.0,,,1,,3.0,
82,Инвестиционные продукты,виды доступных ЦФА-инструментов,1.0,,1.0,,1.0,1,,4.0,
83,Налогообложение,информация о налогах для инвесторов,1.0,,,,,,,1.0,
84,Риски продукта,раскрытие ликвидных и кредитных рисков,1.0,,1.0,,,1,,3.0,
85,Политика комплаенса,документы о контроле и соблюдении норм,1.0,1.0,1.0,1.0,1.0,1,,6.0,
86,Политика ИБ,меры защиты данных,1.0,1.0,1.0,1.0,1.0,1,1.0,7.0,
87,Права и роли пользователей,"уровни доступа, статусы",1.0,1.0,1.0,1.0,1.0,1,,6.0,
88,Дорожная карта,планы развития платформы,,,,,,,,0.0,
89,Центр загрузок,"библиотека документов, презентаций, отчётов",1.0,,1.0,1.0,1.0,,,4.0,
90,Материалы для эмитента / инвестора,гайды и памятки,1.0,,1.0,,1.0,1,1.0,5.0,
91,Справочник терминов (глоссарий),объяснение ключевых понятий ЦФА,,,,,,,1.0,1.0,"Не очень обязательная штука, но думаю, было бы полезно добавить. Потенциально позволит новичкам быстро обучиться терминологии у нас и остаться с нами. Как вариант сделать в связке с академией или блоком FAQ."
,,,,,,,,Есть раздел с чек-листом и документами для регистрации: https://cfahub.ru/registration,,,
